id,value
UK Food Trends.Milk and milk products excluding cheese.-.-.-,
UK Food Trends.Milk and milk products excluding cheese.Liquid wholemilk including school and welfare.-.-,
UK Food Trends.Milk and milk products excluding cheese.Liquid wholemilk including school and welfare.School milk (d).-,
UK Food Trends.Milk and milk products excluding cheese.Liquid wholemilk including school and welfare.Welfare milk (i).-,17
UK Food Trends.Milk and milk products excluding cheese.Liquid wholemilk including school and welfare.Liquid wholemilk full price.-,15
UK Food Trends.Milk and milk products excluding cheese.Liquid wholemilk including school and welfare.Liquid wholemilk full price.UHT milk,2655
UK Food Trends.Milk and milk products excluding cheese.Liquid wholemilk including school and welfare.Liquid wholemilk full price.Sterilised,27
UK Food Trends.Milk and milk products excluding cheese.Liquid wholemilk including school and welfare.Liquid wholemilk full price.Pasteurised/ homogenised,133
UK Food Trends.Milk and milk products excluding cheese.Other milk and cream.-.-,2496
UK Food Trends.Milk and milk products excluding cheese.Other milk and cream.Skimmed milks.-,
UK Food Trends.Milk and milk products excluding cheese.Other milk and cream.Skimmed milks.Fully skimmed milk,5
UK Food Trends.Milk and milk products excluding cheese.Other milk and cream.Skimmed milks.Semi-skimmed milk,2
UK Food Trends.Milk and milk products excluding cheese.Other milk and cream.Condensed or evaporated milk.-,3
UK Food Trends.Milk and milk products excluding cheese.Other milk and cream.Infant milks.-,147
UK Food Trends.Milk and milk products excluding cheese.Other milk and cream.Infant milks.Infant or baby milks - ready to drink,37
UK Food Trends.Milk and milk products excluding cheese.Other milk and cream.Infant milks.Infant or baby milks - dried,4
UK Food Trends.Milk and milk products excluding cheese.Other milk and cream.Instant dried milk.-,33
UK Food Trends.Milk and milk products excluding cheese.Other milk and cream.Yoghurt and fromage frais.-,53
UK Food Trends.Milk and milk products excluding cheese.Other milk and cream.Yoghurt and fromage frais.Yoghurt,33
UK Food Trends.Milk and milk products excluding cheese.Other milk and cream.Yoghurt and fromage frais.Fromage frais,33
UK Food Trends.Milk and milk products excluding cheese.Other milk and cream.Other milks and dairy desserts.-,0
UK Food Trends.Milk and milk products excluding cheese.Other milk and cream.Other milks and dairy desserts.Dairy desserts - not frozen,1
UK Food Trends.Milk and milk products excluding cheese.Other milk and cream.Other milks and dairy desserts.Dried milk products,1
UK Food Trends.Milk and milk products excluding cheese.Other milk and cream.Other milks and dairy desserts.Milk drinks and other milks (e),0
UK Food Trends.Milk and milk products excluding cheese.Other milk and cream.Other milks and dairy desserts.Non-dairy milk substitutes (e),0
UK Food Trends.Milk and milk products excluding cheese.Other milk and cream.Cream.-,0
UK Food Trends.Cheese.-.-.-,15
UK Food Trends.Cheese.Natural cheese.-.-,
UK Food Trends.Cheese.Natural cheese.Hard cheese - cheddar type.-,
UK Food Trends.Cheese.Natural cheese.Hard cheese - other uk or foreign equivalent.-,
UK Food Trends.Cheese.Natural cheese.Hard cheese - edam or other foreign.-,
UK Food Trends.Cheese.Natural cheese.Cottage cheese.-,
UK Food Trends.Cheese.Natural cheese.Soft natural cheese.-,
UK Food Trends.Cheese.Processed cheese.-.-,
UK Food Trends.Carcase meat.-.-.-,
UK Food Trends.Carcase meat.Beef and veal.-.-,
UK Food Trends.Carcase meat.Beef and veal.Beef joints - on the bone.-,
UK Food Trends.Carcase meat.Beef and veal.Beef joints - boned.-,
UK Food Trends.Carcase meat.Beef and veal.Beef steak - less expensive.-,
UK Food Trends.Carcase meat.Beef and veal.Beef steak - more expensive.-,
UK Food Trends.Carcase meat.Beef and veal.Minced beef.-,
UK Food Trends.Carcase meat.Beef and veal.All other beef and veal.-,
UK Food Trends.Carcase meat.Mutton and lamb.-.-,
UK Food Trends.Carcase meat.Mutton and lamb.Mutton.-,
UK Food Trends.Carcase meat.Mutton and lamb.Lamb joints.-,
UK Food Trends.Carcase meat.Mutton and lamb.Lamb chops.-,
UK Food Trends.Carcase meat.Mutton and lamb.All other lamb.-,
UK Food Trends.Carcase meat.Pork.-.-,
UK Food Trends.Carcase meat.Pork.Pork joints.-,
UK Food Trends.Carcase meat.Pork.Pork chops.-,
UK Food Trends.Carcase meat.Pork.Pork fillets and steaks.-,
UK Food Trends.Carcase meat.Pork.All other pork.-,
UK Food Trends.Non-carcase meat and meat products.-.-.-,
UK Food Trends.Non-carcase meat and meat products.Liver.-.-,
UK Food Trends.Non-carcase meat and meat products.Liver.Ox liver.-,
UK Food Trends.Non-carcase meat and meat products.Liver.Lambs liver.-,
UK Food Trends.Non-carcase meat and meat products.Liver.Pigs liver.-,
UK Food Trends.Non-carcase meat and meat products.Liver.All other liver.-,
UK Food Trends.Non-carcase meat and meat products.All offal other than liver.-.-,
UK Food Trends.Non-carcase meat and meat products.Bacon and ham uncooked.-.-,
UK Food Trends.Non-carcase meat and meat products.Bacon and ham uncooked.Bacon and ham joints uncooked.-,
UK Food Trends.Non-carcase meat and meat products.Bacon and ham uncooked.Bacon and ham rashers uncooked.-,
UK Food Trends.Non-carcase meat and meat products.Bacon and ham cooked.-.-,
UK Food Trends.Non-carcase meat and meat products.Cooked poultry not purchased in cans.-.-,
UK Food Trends.Non-carcase meat and meat products.Cooked poultry not purchased in cans.Chicken and turkey cooked.-,
UK Food Trends.Non-carcase meat and meat products.Cooked poultry not purchased in cans.Takeaway chicken.-,
UK Food Trends.Non-carcase meat and meat products.Corned beef canned or sliced.-.-,
UK Food Trends.Non-carcase meat and meat products.Other cooked meat.-.-,
UK Food Trends.Non-carcase meat and meat products.Other canned meat and canned meat products.-.-,
UK Food Trends.Non-carcase meat and meat products.Chicken uncooked - whole chicken or chicken pieces.-.-,
UK Food Trends.Non-carcase meat and meat products.Other poultry uncooked (including frozen).-.-,
UK Food Trends.Non-carcase meat and meat products.Other poultry uncooked (including frozen).Turkey uncooked - whole turkey or turkey pieces.-,
UK Food Trends.Non-carcase meat and meat products.Other poultry uncooked (including frozen).Poultry other than chicken or turkey uncooked.-,
UK Food Trends.Non-carcase meat and meat products.Other fresh chilled and frozen meat.-.-,
UK Food Trends.Non-carcase meat and meat products.Sausages uncooked - pork.-.-,
UK Food Trends.Non-carcase meat and meat products.Sausages uncooked - beef and other sausages.-.-,
UK Food Trends.Non-carcase meat and meat products.Meat pies and sausage rolls ready to eat.-.-,
UK Food Trends.Non-carcase meat and meat products.Meat pies and sausage rolls ready to eat.Meat pies ready to eat.-,
UK Food Trends.Non-carcase meat and meat products.Meat pies and sausage rolls ready to eat.Sausage rolls ready to eat.-,
UK Food Trends.Non-carcase meat and meat products.Meat pies pasties and puddings frozen or not frozen.-.-,
UK Food Trends.Non-carcase meat and meat products.Burgers frozen or not frozen.-.-,
UK Food Trends.Non-carcase meat and meat products.Ready meals and convenience meat products.-.-,
UK Food Trends.Non-carcase meat and meat products.Ready meals and convenience meat products.Complete meat-based ready meals frozen or not frozen.-,
UK Food Trends.Non-carcase meat and meat products.Ready meals and convenience meat products.Other convenience meat products frozen or not frozen.-,
UK Food Trends.Non-carcase meat and meat products.Pate and delicatessen type sausage.-.-,
UK Food Trends.Non-carcase meat and meat products.Pate and delicatessen type sausage.Pate.-,
UK Food Trends.Non-carcase meat and meat products.Pate and delicatessen type sausage.Delicatessen type sausages.-,
UK Food Trends.Non-carcase meat and meat products.Meat pastes and spreads.-.-,
UK Food Trends.Non-carcase meat and meat products.Takeaway meats.-.-,
UK Food Trends.Non-carcase meat and meat products.Takeaway meats.Takeaway meat pies and pasties.-,
UK Food Trends.Non-carcase meat and meat products.Takeaway meats.Takeaway burger and bun.-,
UK Food Trends.Non-carcase meat and meat products.Takeaway meats.Takeaway kebabs.-,
UK Food Trends.Non-carcase meat and meat products.Takeaway meats.Takeaway sausages and saveloys.-,
UK Food Trends.Non-carcase meat and meat products.Takeaway meats.Takeaway meat based meals.-,
UK Food Trends.Non-carcase meat and meat products.Takeaway meats.Takeaway miscellaneous meats.-,
UK Food Trends.Fish.-.-.-,
UK Food Trends.Fish.White fish fresh chilled or frozen.-.-,
UK Food Trends.Fish.White fish fresh chilled or frozen.White fish fresh or chilled.-,
UK Food Trends.Fish.White fish fresh chilled or frozen.White fish frozen.-,
UK Food Trends.Fish.Herrings and other blue fish fresh chilled or frozen.-.-,
UK Food Trends.Fish.Herrings and other blue fish fresh chilled or frozen.Herrings and other blue fish fresh or chilled.-,
UK Food Trends.Fish.Herrings and other blue fish fresh chilled or frozen.Herrings and other blue fish frozen.-,
UK Food Trends.Fish.Salmon fresh chilled or frozen.-.-,
UK Food Trends.Fish.Salmon fresh chilled or frozen.Salmon fresh or chilled.-,
UK Food Trends.Fish.Salmon fresh chilled or frozen.Salmon frozen.-,
UK Food Trends.Fish.Blue fish dried or salted or smoked.-.-,
UK Food Trends.Fish.White fish dried salted or smoked.-.-,
UK Food Trends.Fish.Shellfish.-.-,
UK Food Trends.Fish.Shellfish.Shellfish fresh or chilled.-,
UK Food Trends.Fish.Shellfish.Shellfish frozen.-,
UK Food Trends.Fish.Takeaway fish.-.-,
UK Food Trends.Fish.Salmon tinned.-.-,
UK Food Trends.Fish.Other tinned or bottled fish.-.-,
UK Food Trends.Fish.Ready meals and other fish products - frozen or not frozen.-.-,
UK Food Trends.Fish.Takeaway fish meals and fish products.-.-,
UK Food Trends.Fish.Takeaway fish meals and fish products.Takeaway fish products.-,
UK Food Trends.Fish.Takeaway fish meals and fish products.Takeaway fish based meals.-,
UK Food Trends.Eggs.-.-.-,
UK Food Trends.Fats.-.-.-,
UK Food Trends.Fats.Butter.-.-,
UK Food Trends.Fats.Margarine.-.-,
UK Food Trends.Fats.Margarine.Soft margarine.-,
UK Food Trends.Fats.Margarine.Other margarine.-,
UK Food Trends.Fats.Lard cooking fat.-.-,
UK Food Trends.Fats.Vegetable and salad oils.-.-,
UK Food Trends.Fats.Vegetable and salad oils.Olive oil.-,
UK Food Trends.Fats.Vegetable and salad oils.Other vegetable and salad oils.-,
UK Food Trends.Fats.All other fats.-.-,
UK Food Trends.Fats.All other fats.Reduced fat spreads.-,
UK Food Trends.Fats.All other fats.Low fat spreads.-,
UK Food Trends.Fats.All other fats.Suet and dripping.-,
UK Food Trends.Fats.All other fats.Imitatation cream.-,
UK Food Trends.Sugar and preserves.-.-.-,
UK Food Trends.Sugar and preserves.Sugar.-.-,
UK Food Trends.Sugar and preserves.Jams and fruit curds.-.-,
UK Food Trends.Sugar and preserves.Marmalade.-.-,
UK Food Trends.Sugar and preserves.Syrup treacle.-.-,
UK Food Trends.Sugar and preserves.Honey.-.-,
UK Food Trends.Fresh and processed fruit and vegetables including potatoes.-.-.-,
UK Food Trends.Fresh and processed vegetables including potatoes.-.-.-,
UK Food Trends.Fresh and processed potatoes.-.-.-,
UK Food Trends.Fresh and processed potatoes.Fresh potatoes.-.-,
UK Food Trends.Fresh and processed potatoes.Fresh potatoes.Fresh new potatoes (f).-,
UK Food Trends.Fresh and processed potatoes.Fresh potatoes.Fresh baking potatoes (f).-,
UK Food Trends.Fresh and processed potatoes.Fresh potatoes.Other fresh potatoes (f).-,
UK Food Trends.Fresh and processed potatoes.Processed potatoes.-.-,
UK Food Trends.Fresh and processed potatoes.Processed potatoes.Chips and takeaway chips.-,
UK Food Trends.Fresh and processed potatoes.Processed potatoes.Chips and takeaway chips.Chips - frozen or not frozen,
UK Food Trends.Fresh and processed potatoes.Processed potatoes.Chips and takeaway chips.Takeaway chips,
UK Food Trends.Fresh and processed potatoes.Processed potatoes.Instant potato.-,
UK Food Trends.Fresh and processed potatoes.Processed potatoes.Canned potatoes.-,
UK Food Trends.Fresh and processed potatoes.Processed potatoes.Crisps and potato snacks.-,
UK Food Trends.Fresh and processed potatoes.Processed potatoes.Other potato products frozen or not frozen.-,
UK Food Trends.Fresh and processed fruit and vegetables excluding potatoes.-.-.-,
UK Food Trends.Fresh and processed vegetables excluding potatoes.-.-.-,
UK Food Trends.Fresh and processed vegetables excluding potatoes.Fresh green vegetables.-.-,
UK Food Trends.Fresh and processed vegetables excluding potatoes.Fresh green vegetables.Fresh cabbages.-,
UK Food Trends.Fresh and processed vegetables excluding potatoes.Fresh green vegetables.Fresh brussels sprouts.-,
UK Food Trends.Fresh and processed vegetables excluding potatoes.Fresh green vegetables.Fresh cauliflower.-,
UK Food Trends.Fresh and processed vegetables excluding potatoes.Fresh green vegetables.Leafy salads fresh.-,
UK Food Trends.Fresh and processed vegetables excluding potatoes.Fresh green vegetables.Leafy salads fresh.Lettuce and leafy salads,
UK Food Trends.Fresh and processed vegetables excluding potatoes.Fresh green vegetables.Leafy salads fresh.Prepared lettuce salads,
UK Food Trends.Fresh and processed vegetables excluding potatoes.Fresh green vegetables.Fresh peas.-,
UK Food Trends.Fresh and processed vegetables excluding potatoes.Fresh green vegetables.Fresh beans.-,
UK Food Trends.Fresh and processed vegetables excluding potatoes.Fresh green vegetables.Other fresh green vegetables.-,
UK Food Trends.Fresh and processed vegetables excluding potatoes.Other fresh vegetables.-.-,
UK Food Trends.Fresh and processed vegetables excluding potatoes.Other fresh vegetables.Fresh carrots.-,
UK Food Trends.Fresh and processed vegetables excluding potatoes.Other fresh vegetables.Fresh turnips and swede.-,
UK Food Trends.Fresh and processed vegetables excluding potatoes.Other fresh vegetables.Other fresh root vegetables.-,
UK Food Trends.Fresh and processed vegetables excluding potatoes.Other fresh vegetables.Fresh onions leeks and shallots.-,
UK Food Trends.Fresh and processed vegetables excluding potatoes.Other fresh vegetables.Fresh cucumbers.-,
UK Food Trends.Fresh and processed vegetables excluding potatoes.Other fresh vegetables.Fresh mushrooms.-,
UK Food Trends.Fresh and processed vegetables excluding potatoes.Other fresh vegetables.Fresh tomatoes.-,
UK Food Trends.Fresh and processed vegetables excluding potatoes.Other fresh vegetables.Miscellaneous fresh vegtables.-,
UK Food Trends.Fresh and processed vegetables excluding potatoes.Other fresh vegetables.Miscellaneous fresh vegtables.Fresh vegetable stewpack stirfry pack etc.,
UK Food Trends.Fresh and processed vegetables excluding potatoes.Other fresh vegetables.Miscellaneous fresh vegtables.Fresh stem vegetables,
UK Food Trends.Fresh and processed vegetables excluding potatoes.Other fresh vegetables.Miscellaneous fresh vegtables.Fresh marrow courgettes aubergine pumpkin and other vegetables,
UK Food Trends.Fresh and processed vegetables excluding potatoes.Other fresh vegetables.Miscellaneous fresh vegtables.Fresh herbs,
UK Food Trends.Fresh and processed vegetables excluding potatoes.Processed vegetables excluding processed potatoes.-.-,
UK Food Trends.Fresh and processed vegetables excluding potatoes.Processed vegetables excluding processed potatoes.Tomatoes canned or bottled.-,
UK Food Trends.Fresh and processed vegetables excluding potatoes.Processed vegetables excluding processed potatoes.Peas canned.-,
UK Food Trends.Fresh and processed vegetables excluding potatoes.Processed vegetables excluding processed potatoes.Beans canned.-,
UK Food Trends.Fresh and processed vegetables excluding potatoes.Processed vegetables excluding processed potatoes.Beans canned.Baked beans in sauce,
UK Food Trends.Fresh and processed vegetables excluding potatoes.Processed vegetables excluding processed potatoes.Beans canned.Other canned beans and pulses,
UK Food Trends.Fresh and processed vegetables excluding potatoes.Processed vegetables excluding processed potatoes.Other canned vegetables.-,
UK Food Trends.Fresh and processed vegetables excluding potatoes.Processed vegetables excluding processed potatoes.Dried pulses other than air-dried.-,
UK Food Trends.Fresh and processed vegetables excluding potatoes.Processed vegetables excluding processed potatoes.Air-dried vegetables.-,
UK Food Trends.Fresh and processed vegetables excluding potatoes.Processed vegetables excluding processed potatoes.Vegetable juices and purees.-,
UK Food Trends.Fresh and processed vegetables excluding potatoes.Processed vegetables excluding processed potatoes.Vegetable juices and purees.Tomato puree and vegetable purees,
UK Food Trends.Fresh and processed vegetables excluding potatoes.Processed vegetables excluding processed potatoes.Vegetable juices and purees.Vegetable juices eg tomato juice carrot juice,
UK Food Trends.Fresh and processed vegetables excluding potatoes.Processed vegetables excluding processed potatoes.Peas frozen.-,
UK Food Trends.Fresh and processed vegetables excluding potatoes.Processed vegetables excluding processed potatoes.Beans frozen.-,
UK Food Trends.Fresh and processed vegetables excluding potatoes.Processed vegetables excluding processed potatoes.Ready meals and other vegetable products (inc takeaways).-,
UK Food Trends.Fresh and processed vegetables excluding potatoes.Processed vegetables excluding processed potatoes.Ready meals and other vegetable products (inc takeaways).Ready meals and other vegetable products frozen or not frozen,
UK Food Trends.Fresh and processed vegetables excluding potatoes.Processed vegetables excluding processed potatoes.Ready meals and other vegetable products (inc takeaways).All vegetable takeaway products,
UK Food Trends.Fresh and processed vegetables excluding potatoes.Processed vegetables excluding processed potatoes.Other frozen vegetables.-,
UK Food Trends.Fresh and processed fruit.-.-.-,
UK Food Trends.Fresh and processed fruit.Fresh fruit.-.-,
UK Food Trends.Fresh and processed fruit.Fresh fruit.Fresh oranges.-,
UK Food Trends.Fresh and processed fruit.Fresh fruit.Other fresh citrus fruits.-,
UK Food Trends.Fresh and processed fruit.Fresh fruit.Fresh apples.-,
UK Food Trends.Fresh and processed fruit.Fresh fruit.Fresh pears.-,
UK Food Trends.Fresh and processed fruit.Fresh fruit.Fresh stone fruit.-,
UK Food Trends.Fresh and processed fruit.Fresh fruit.Fresh grapes.-,
UK Food Trends.Fresh and processed fruit.Fresh fruit.Other fresh soft fruit.-,
UK Food Trends.Fresh and processed fruit.Fresh fruit.Fresh bananas.-,
UK Food Trends.Fresh and processed fruit.Fresh fruit.Fresh melons.-,
UK Food Trends.Fresh and processed fruit.Fresh fruit.Other fresh fruit.-,
UK Food Trends.Fresh and processed fruit.Processed fruit and fruit products.-.-,
UK Food Trends.Fresh and processed fruit.Processed fruit and fruit products.Tinned peaches pears and pineapples.-,
UK Food Trends.Fresh and processed fruit.Processed fruit and fruit products.All other tinned or bottled fruit.-,
UK Food Trends.Fresh and processed fruit.Processed fruit and fruit products.Dried fruit.-,
UK Food Trends.Fresh and processed fruit.Processed fruit and fruit products.Frozen strawberries apple slices peach halves oranges and other frozen fruits.-,
UK Food Trends.Fresh and processed fruit.Processed fruit and fruit products.Nuts edible seeds and peanut butter.-,
UK Food Trends.Fresh and processed fruit.Processed fruit and fruit products.Nuts edible seeds and peanut butter.Nuts and edible seeds,
UK Food Trends.Fresh and processed fruit.Processed fruit and fruit products.Nuts edible seeds and peanut butter.Peanut butter,
UK Food Trends.Fresh and processed fruit.Processed fruit and fruit products.Pure fruit juices (g).-,
UK Food Trends.Bread.-.-.-,
UK Food Trends.Bread.White bread.-.-,
UK Food Trends.Bread.White bread.White bread standard unsliced.-,
UK Food Trends.Bread.White bread.White bread standard sliced.-,
UK Food Trends.Bread.White bread.White bread premium sliced and unsliced.-,
UK Food Trends.Bread.White bread.White bread soft grain sliced and unsliced.-,
UK Food Trends.Bread.Brown and wholemeal bread.-.-,
UK Food Trends.Bread.Brown and wholemeal bread.Brown bread sliced and unsliced.-,
UK Food Trends.Bread.Brown and wholemeal bread.Wholemeal and granary bread sliced and unsliced.-,
UK Food Trends.Bread.Total other bread.-.-,
UK Food Trends.Bread.Total other bread.Rolls - white brown or wholemeal.-,
UK Food Trends.Bread.Total other bread.Malt bread and fruit loaves.-,
UK Food Trends.Bread.Total other bread.Vienna and french bread.-,
UK Food Trends.Bread.Total other bread.Starch reduced bread and rolls.-,
UK Food Trends.Bread.Total other bread.Other breads.-,
UK Food Trends.Bread.Total other bread.Sandwiches.-,
UK Food Trends.Bread.Total other bread.Sandwiches from takeaway.-,
UK Food Trends.Bread.Total other bread.Takeaway breads.-,
UK Food Trends.Flour.-.-.-,
UK Food Trends.Cakes buns and pastries.-.-.-,
UK Food Trends.Cakes buns and pastries.Cakes and pastries.-.-,
UK Food Trends.Cakes buns and pastries.Cakes and pastries.Cakes and pastries not frozen.-,
UK Food Trends.Cakes buns and pastries.Cakes and pastries.Takeaway pastries.-,
UK Food Trends.Cakes buns and pastries.Buns scones and teacakes.-.-,
UK Food Trends.Biscuits and crispbreads.-.-.-,
UK Food Trends.Biscuits and crispbreads.Chocolate biscuits.-.-,
UK Food Trends.Biscuits and crispbreads.Biscuits other than chocolate.-.-,
UK Food Trends.Biscuits and crispbreads.Biscuits other than chocolate.Sweet biscuits (not chocolate) and cereal bars.-,
UK Food Trends.Biscuits and crispbreads.Biscuits other than chocolate.Cream crackers and other unsweetened biscuits.-,
UK Food Trends.Biscuits and crispbreads.Crispbread.-.-,
UK Food Trends.Other cereals and cereal products.-.-.-,
UK Food Trends.Other cereals and cereal products.Oatmeal and oat products.-.-,
UK Food Trends.Other cereals and cereal products.Breakfast cereals.-.-,
UK Food Trends.Other cereals and cereal products.Breakfast cereals.Muesli.-,
UK Food Trends.Other cereals and cereal products.Breakfast cereals.High fibre breakfast cereals.-,
UK Food Trends.Other cereals and cereal products.Breakfast cereals.Sweetened breakfast cereals.-,
UK Food Trends.Other cereals and cereal products.Breakfast cereals.Other breakfast cereals.-,
UK Food Trends.Other cereals and cereal products.Canned milk puddings.-.-,
UK Food Trends.Other cereals and cereal products.Canned milk puddings.Canned or fresh carton custard.-,
UK Food Trends.Other cereals and cereal products.Canned milk puddings.All canned milk puddings.-,
UK Food Trends.Other cereals and cereal products.Puddings.-.-,
UK Food Trends.Other cereals and cereal products.Rice.-.-,
UK Food Trends.Other cereals and cereal products.Rice.Dried rice.-,
UK Food Trends.Other cereals and cereal products.Rice.Cooked rice.-,
UK Food Trends.Other cereals and cereal products.Rice.Takeaway rice.-,
UK Food Trends.Other cereals and cereal products.Invalid foods slimming foods and sports foods.-.-,
UK Food Trends.Other cereals and cereal products.Infant cereal foods.-.-,
UK Food Trends.Other cereals and cereal products.Cakes and pastries - frozen.-.-,
UK Food Trends.Other cereals and cereal products.Pasta.-.-,
UK Food Trends.Other cereals and cereal products.Pasta.Canned pasta.-,
UK Food Trends.Other cereals and cereal products.Pasta.Dried and fresh pasta.-,
UK Food Trends.Other cereals and cereal products.Pasta.Takeaway pasta and noodles.-,
UK Food Trends.Other cereals and cereal products.Pizza.-.-,
UK Food Trends.Other cereals and cereal products.Pizza.Pizzas frozen and not frozen.-,
UK Food Trends.Other cereals and cereal products.Pizza.Takeaway pizza.-,
UK Food Trends.Other cereals and cereal products.Other cereal convenience foods.-.-,
UK Food Trends.Other cereals and cereal products.Other cereal convenience foods.Cake pudding and dessert mixes.-,
UK Food Trends.Other cereals and cereal products.Other cereal convenience foods.Cereal snacks.-,
UK Food Trends.Other cereals and cereal products.Other cereal convenience foods.Quiches and flans frozen and not frozen.-,
UK Food Trends.Other cereals and cereal products.Other cereal convenience foods.Takeaway crisps savoury snacks popcorn popadums prawn crackers.-,
UK Food Trends.Other cereals and cereal products.Other cereal convenience foods.Other cereal foods frozen and not frozen.-,
UK Food Trends.Other cereals and cereal products.Other cereals.-.-,
UK Food Trends.Beverages.-.-.-,
UK Food Trends.Beverages.Tea.-.-,
UK Food Trends.Beverages.Coffee beans and ground coffee.-.-,
UK Food Trends.Beverages.Instant coffee.-.-,
UK Food Trends.Beverages.Coffee essences.-.-,
UK Food Trends.Beverages.Tea and coffee from takeaway.-.-,
UK Food Trends.Beverages.Cocoa and chocolate drinks.-.-,
UK Food Trends.Beverages.Malt drinks and chocolate versions of malted drinks.-.-,
UK Food Trends.Other food and drink.-.-.-,
UK Food Trends.Other food and drink.Mineral or spring waters.-.-,
UK Food Trends.Other food and drink.Baby foods.-.-,
UK Food Trends.Other food and drink.Soups - canned or cartons.-.-,
UK Food Trends.Other food and drink.Soups - dehydrated or powdered.-.-,
UK Food Trends.Other food and drink.Soups - from takeaway.-.-,
UK Food Trends.Other food and drink.Spreads and dressings.-.-,
UK Food Trends.Other food and drink.Spreads and dressings.Salad dressings.-,
UK Food Trends.Other food and drink.Spreads and dressings.Other spreads and dresssings.-,
UK Food Trends.Other food and drink.Pickles and sauces.-.-,
UK Food Trends.Other food and drink.Pickles and sauces.Pickles.-,
UK Food Trends.Other food and drink.Pickles and sauces.Sauces.-,
UK Food Trends.Other food and drink.Pickles and sauces.Takeaway sauces and mayonnnaise.-,
UK Food Trends.Other food and drink.Stock cubes and meat and yeast extracts.-.-,
UK Food Trends.Other food and drink.Jelly squares or crystals.-.-,
UK Food Trends.Other food and drink.Ice cream tub or block.-.-,
UK Food Trends.Other food and drink.Ice cream products including takeaways.-.-,
UK Food Trends.Other food and drink.Ice cream products including takeaways.Ice cream cornets choc-ices lollies with ice cream.-,
UK Food Trends.Other food and drink.Ice cream products including takeaways.Ice lollies sorbet frozen mousse frozen yoghurt.-,
UK Food Trends.Other food and drink.Ice cream products including takeaways.Takeaway ice cream ice cream products milkshakes.-,
UK Food Trends.Other food and drink.Soya and novel protein foods.-.-,
UK Food Trends.Other food and drink.Salt.-.-,
UK Food Trends.Other food and drink.Other takeaway food brought home.-.-,
UK Food Trends.Other food and drink.Meals on wheels - items not specified.-.-,
UK Food Trends.Soft drinks.-.-.-,
UK Food Trends.Soft drinks.Soft drinks concentrated not low calorie (h).-.-,
UK Food Trends.Soft drinks.Soft drinks not concentrated  not low calorie.-.-,
UK Food Trends.Soft drinks.Soft drinks concentrated low calorie (h).-.-,
UK Food Trends.Soft drinks.Soft drinks not concentrated low calorie.-.-,
UK Food Trends.Confectionery.-.-.-,
UK Food Trends.Confectionery.Chocolate bars - solid.-.-,
UK Food Trends.Confectionery.Chocolate bars - filled.-.-,
UK Food Trends.Confectionery.Chewing gum.-.-,
UK Food Trends.Confectionery.Mints and boiled sweets.-.-,
UK Food Trends.Confectionery.Mints and boiled sweets.Mints.-,
UK Food Trends.Confectionery.Mints and boiled sweets.Boiled sweets.-,
UK Food Trends.Confectionery.Fudges toffees caramels.-.-,
UK Food Trends.Confectionery.Takeaway confectionery.-.-,
UK Food Trends.Alcoholic drinks.-.-.-,
UK Food Trends.Alcoholic drinks.Beers.-.-,
UK Food Trends.Alcoholic drinks.Lagers and continental beers.-.-,
UK Food Trends.Alcoholic drinks.Ciders and perry.-.-,
UK Food Trends.Alcoholic drinks.Wine and champagne.-.-,
UK Food Trends.Alcoholic drinks.Wine and champagne.Champagne sparkling wines and wine with mixer.-,
UK Food Trends.Alcoholic drinks.Wine and champagne.Table wine.-,
UK Food Trends.Alcoholic drinks.Spirits with mixer.-.-,
UK Food Trends.Alcoholic drinks.Fortified wines.-.-,
UK Food Trends.Alcoholic drinks.Spirits.-.-,
UK Food Trends.Alcoholic drinks.Liqueurs and cocktails.-.-,
UK Food Trends.Alcoholic drinks.Alcopops.-.-,
UK Food Trends,
UK Food Trends.Milk and milk products excluding cheese,
UK Food Trends.Cheese,
UK Food Trends.Carcase meat,
UK Food Trends.Carcase meat,
UK Food Trends.Non-carcase meat and meat products,
UK Food Trends.Fish,
UK Food Trends.Fats,
UK Food Trends.Sugar and preserves,
UK Food Trends.Fresh and processed potatoes,
UK Food Trends.Fresh and processed vegetables excluding potatoes,
UK Food Trends.Fresh and processed fruit,
UK Food Trends.Bread,
UK Food Trends.Cakes buns and pastries,
UK Food Trends.Biscuits and crispbreads,
UK Food Trends.Other cereals and cereal products,
UK Food Trends.Beverages,
UK Food Trends.Other food and drink,
UK Food Trends.Soft drinks,
UK Food Trends.Confectionery,
UK Food Trends.Milk and milk products excluding cheese.Liquid wholemilk including school and welfare,
UK Food Trends.Milk and milk products excluding cheese.Other milk and cream,
UK Food Trends.Cheese.Natural cheese,
UK Food Trends.Carcase meat.Beef and veal,
UK Food Trends.Carcase meat.Mutton and lamb,
UK Food Trends.Carcase meat.Pork,
UK Food Trends.Non-carcase meat and meat products.Liver,
UK Food Trends.Non-carcase meat and meat products.Bacon and ham uncooked,
UK Food Trends.Non-carcase meat and meat products.Cooked poultry not purchased in cans,
UK Food Trends.Non-carcase meat and meat products.Other poultry uncooked (including frozen),
UK Food Trends.Non-carcase meat and meat products.Meat pies and sausage rolls ready to eat,
UK Food Trends.Non-carcase meat and meat products.Ready meals and convenience meat products,
UK Food Trends.Non-carcase meat and meat products.Pate and delicatessen type sausage,
UK Food Trends.Non-carcase meat and meat products.Takeaway meats,
UK Food Trends.Fish.White fish fresh chilled or frozen,
UK Food Trends.Fish.Herrings and other blue fish fresh chilled or frozen,
UK Food Trends.Fish.Salmon fresh chilled or frozen,
UK Food Trends.Fish.Shellfish,
UK Food Trends.Fish.Takeaway fish meals and fish products,
UK Food Trends.Fats.Margarine,
UK Food Trends.Fats.Vegetable and salad oils,
UK Food Trends.Fats.All other fats,
UK Food Trends.Fresh and processed potatoes.Fresh potatoes,
UK Food Trends.Fresh and processed potatoes.Processed potatoes,
UK Food Trends.Fresh and processed vegetables excluding potatoes.Fresh green vegetables,
UK Food Trends.Fresh and processed vegetables excluding potatoes.Other fresh vegetables,
UK Food Trends.Fresh and processed vegetables excluding potatoes.Processed vegetables excluding processed potatoes,
UK Food Trends.Fresh and processed fruit.Fresh fruit,
UK Food Trends.Fresh and processed fruit.Processed fruit and fruit products,
UK Food Trends.Bread.White bread,
UK Food Trends.Bread.Brown and wholemeal bread,
UK Food Trends.Bread.Total other bread,
UK Food Trends.Cakes buns and pastries.Cakes and pastries,
UK Food Trends.Biscuits and crispbreads.Biscuits other than chocolate,
UK Food Trends.Other cereals and cereal products.Breakfast cereals,
UK Food Trends.Other cereals and cereal products.Canned milk puddings,
UK Food Trends.Other cereals and cereal products.Rice,
UK Food Trends.Other cereals and cereal products.Pasta,
UK Food Trends.Other cereals and cereal products.Pizza,
UK Food Trends.Other cereals and cereal products.Other cereal convenience foods,
UK Food Trends.Other food and drink.Spreads and dressings,
UK Food Trends.Other food and drink.Pickles and sauces,
UK Food Trends.Other food and drink.Ice cream products including takeaways,
UK Food Trends.Confectionery.Mints and boiled sweets,
UK Food Trends.Alcoholic drinks.Wine and champagne,
UK Food Trends.Liquid wholemilk full price.Liquid wholemilk including school and welfare.Milk and milk products excluding cheese,
UK Food Trends.Skimmed milks.Other milk and cream.Milk and milk products excluding cheese,
UK Food Trends.Infant milks.Other milk and cream.Milk and milk products excluding cheese,
UK Food Trends.Yoghurt and fromage frais.Other milk and cream.Milk and milk products excluding cheese,
UK Food Trends.Other milks and dairy desserts.Other milk and cream.Milk and milk products excluding cheese,
UK Food Trends.Chips and takeaway chips.Processed potatoes.Fresh and processed potatoes,
UK Food Trends.Leafy salads fresh.Fresh green vegetables.Fresh and processed vegetables excluding potatoes,
UK Food Trends.Miscellaneous fresh vegtables.Other fresh vegetables.Fresh and processed vegetables excluding potatoes,
UK Food Trends.Beans canned.Processed vegetables excluding processed potatoes.Fresh and processed vegetables excluding potatoes,
UK Food Trends.Vegetable juices and purees.Processed vegetables excluding processed potatoes.Fresh and processed vegetables excluding potatoes,
UK Food Trends.Ready meals and other vegetable products (inc takeaways).Processed vegetables excluding processed potatoes.Fresh and processed vegetables excluding potatoes,
UK Food Trends.Nuts edible seeds and peanut butter.Processed fruit and fruit products.Fresh and processed fruit,
